{
    "keep": {
        "days": true,
        "amount": 2
    },
    "auditLog": "./logs/.audit.json",
    "files": [
        {
            "date": 1565722694630,
            "name": "./logs/access.log.2019-08-13",
            "hash": "7d0c8256d37d11f9bbb0e80410f85079"
        },
        {
            "date": 1565814366836,
            "name": "./logs/access.log.2019-08-14",
            "hash": "50404c21bf0e0ba9b9baf6bc0632e239"
        },
        {
            "date": 1565889305092,
            "name": "./logs/access.log.2019-08-15",
            "hash": "be69ac7c7b594d8e47ea8da1a6c71617"
        }
    ]
}